TweetID,User_ID,Text,Sentiment
647397835239874560,Wyatt Smith,Who is ready for iPhone 6s and iPhone 6s Plus? I know I am :),positive
647398004362768384,Topher Li,@lucy_larkman there are hacks on how to save heaps of battery time on the iphone :) just google and it will come up,positive
647398207765520385,iPhone 6 Giveaway,Hi Rica Cunanan : ricacunanan09 Do u want to get FREE iPhone 6? Please check my bi0 :) Thx https://t.co/G3rtM5yYC6,positive
647398208692449281,iPhone 6 Giveaway,Hi Ariane Valentine : mainlyboredom Do u want to get FREE iPhone 6? Please check my bi0 :) Thx https://t.co/QABNoLQVnM,positive
647398209912991744,iPhone 6 Giveaway,Hi eastside_crazii : rthompson672 Do u want to get FREE iPhone 6? Please check my bi0 :) Thx https://t.co/65PlSdMhzH,positive
647398210928005120,iPhone 6 Giveaway,Hi jayjay : deguzmxnn Do u want to get FREE iPhone 6? Please check my bi0 :) Thx https://t.co/w6bofABIAz,positive
647398211938877440,iPhone 6 Giveaway,Hi childish colbino  : _Colbae Do u want to get FREE iPhone 6? Please check my bi0 :) Thx https://t.co/ZibRoEIeJj,positive
647398212886753280,iPhone 6 Giveaway,Hi ~~~TS~~~ : urminreflection Do u want to get FREE iPhone 6? Please check my bi0 :) Thx https://t.co/3pm2MqHnZN,positive
647398213880795136,iPhone 6 Giveaway,Hi LBY : AlbyPlays Do u want to get FREE iPhone 6? Please check my bi0 :) Thx https://t.co/muaypotOC2,positive
647398215088766976,iPhone 6 Giveaway,Hi angel : pinedo_angel13 Do u want to get FREE iPhone 6? Please check my bi0 :) Thx https://t.co/69g15MOEoj,positive
647398340758364160,Minion,@pejuangkuis iphone 5s :),positive
647398445142032384,hazeltalban,Iphone 5s.. soon... :),positive
647398450250649601,JellyBus,@WendyLeBel Could you let us know your device (ex: iPhone 5S) and the OS version? (ex iOS 9) It would be really helpful. :),positive
647398675736592384,Mapkin,@sararempelos thanks! Once you start navigating your iPhone volume buttons will control the Mapkin voice :),positive
647398734515564544,Scotty P,iphone 6s release today time to get paid :),positive
647398824667947008,Bundle,Be sure to set up Touch ID on your iPhone before you can protect your Bundles using your fingerprint. :) http://t.co/E5CFPwBiQP,positive
647399027026337792,iPhone 6 Giveaway :),Hi gabbi : gabzxoxo_ Do you want to get FREE iPhone 6? Hurry check my bi0. Thx :) https://t.co/0SqJj28tJF,positive
647399028473335808,iPhone 6 Giveaway :),Hi nicki// : nicki_burrowz Do you want to get FREE iPhone 6? Hurry check my bi0. Thx :) https://t.co/i6GtoghPi0,positive
647399029572272128,iPhone 6 Giveaway :),Hi ashly : NicholesSole Do you want to get FREE iPhone 6? Hurry check my bi0. Thx :) https://t.co/K0XXl4TqTi,positive
647399030591500288,iPhone 6 Giveaway :),Hi Kayla Blakely : kayla_blakely Do you want to get FREE iPhone 6? Hurry check my bi0. Thx :) https://t.co/g4MnK0fOQv,positive
647399031887527936,iPhone 6 Giveaway :),Hi jack briskin : jackiepipes25 Do you want to get FREE iPhone 6? Hurry check my bi0. Thx :) https://t.co/sTplgBOOFq,positive
647399289283608576,anna wrigley.,If anyone knows of anyone selling an iPhone 5s in good condition let me know please :),positive
647399294539026432,Emma Westbrook,@SkinnydipLondon Just wondering if your iPhone 6 cases fit the new 6S? :),positive
647399801743613952,Casey Roberts,just ruined my iPhone screen :),positive
647400176404033537,Karen Brown,New rose gold IPhone 6s is super cool...could even make me take off my bulky otter box case :)  https://t.co/iXQNTxLAYD,positive
647400351507857408,Scott Lannie,@dancounsell I think Ben should buy us all a new iPhone for his mishap the other day  glad you like your new phone :),positive
647400437444911104,Rob Barra,"The line is part of the experience :) #iphone6s #gimme @ Apple Store, https://t.co/9IaR6DHNOb",positive
647400719218294784,Win NEW iPhone 6!,Hi Marquel M. : biggmackk2 Wanna get FREE iPhone 6? Kindly check my bi0 :) Thx https://t.co/goSAoXeavZ,positive
647400720325607424,Win NEW iPhone 6!,Hi iPhones : ymniiphones Wanna get FREE iPhone 6? Kindly check my bi0 :) Thx https://t.co/uDfBapy9j0,positive
647400721600630784,Win NEW iPhone 6!,Hi Ganja Goddess : _BIGnino_ Wanna get FREE iPhone 6? Kindly check my bi0 :) Thx https://t.co/n43peDGufb,positive
647400723437780992,Win NEW iPhone 6!,Hi TheShu13 : todd_shumard Wanna get FREE iPhone 6? Kindly check my bi0 :) Thx https://t.co/hi9OD1LiM8,positive
647400725119664128,Win NEW iPhone 6!,Hi Don Roth : DonRoth753 Wanna get FREE iPhone 6? Kindly check my bi0 :) Thx https://t.co/mn9QEXfqEY,positive
647400726109532160,Win NEW iPhone 6!,Hi your highness : ManthaMonroe_ Wanna get FREE iPhone 6? Kindly check my bi0 :) Thx https://t.co/9krYIt6wKd,positive
647400727418118144,Win NEW iPhone 6!,Hi Yero Michell : Terroui Wanna get FREE iPhone 6? Kindly check my bi0 :) Thx https://t.co/AbuTu90jcu,positive
647400728542232579,Win NEW iPhone 6!,Hi SpecialOfficer Doofy : iTzDrayOx_95 Wanna get FREE iPhone 6? Kindly check my bi0 :) Thx https://t.co/z1FvWm0oX9,positive
647400729636937728,Win NEW iPhone 6!,Hi Madelyn Clyburn : MadelynClyburn Wanna get FREE iPhone 6? Kindly check my bi0 :) Thx https://t.co/pFAeFfzRd5,positive
647400730970705920,Win NEW iPhone 6!,Hi Anthony : antjones0007 Wanna get FREE iPhone 6? Kindly check my bi0 :) Thx https://t.co/HTUhKqhmMO,positive
647400732128321536,Win NEW iPhone 6!,Hi Mike-Mike : MikeMikeSoDope Wanna get FREE iPhone 6? Kindly check my bi0 :) Thx https://t.co/dP8G1Hh6lp,positive
647400733797687296,Win NEW iPhone 6!,Hi Be : bRealEasy Wanna get FREE iPhone 6? Kindly check my bi0 :) Thx https://t.co/IS41zpEeA2,positive
647401578966573057,Steve Riggins,@stroughtonsmith the first iPhone wasnt cheap and that was in 2007 dollars :),positive
647401931992891392,iPhone 6 Giveaway,Hi Raymart / Thanks 5H : Raaymaart Do u want to get FREE iPhone 6? Please check my bi0 :) Thx https://t.co/Yn6ENxQtzv,positive
647401933213450240,iPhone 6 Giveaway,Hi BLACKHAWKS2015CHAMPS : 2ndlast2rise Do u want to get FREE iPhone 6? Please check my bi0 :) Thx https://t.co/mcnh3dChB9,positive
647401934287171584,iPhone 6 Giveaway,Hi  Diamond : _Blaque_D Do u want to get FREE iPhone 6? Please check my bi0 :) Thx https://t.co/l71Fc8SnWO,positive
647401935478390784,iPhone 6 Giveaway,Hi muzammil khan : muz_123 Do u want to get FREE iPhone 6? Please check my bi0 :) Thx https://t.co/tfvai791SK,positive
647401936510185472,iPhone 6 Giveaway,Hi Bri  : PrettyBriSimone Do u want to get FREE iPhone 6? Please check my bi0 :) Thx https://t.co/1qEwU2YODq,positive
647401937650982912,iPhone 6 Giveaway,Hi Jake M : jmac3412 Do u want to get FREE iPhone 6? Please check my bi0 :) Thx https://t.co/QKjCaKGkMQ,positive
647401938695389184,iPhone 6 Giveaway,Hi Harlow : HarlowRaine_RP Do u want to get FREE iPhone 6? Please check my bi0 :) Thx https://t.co/d41sZwZybu,positive
647402691568603136,AnnMarie Chaires,Oh ya iPhone launch day @TMobile 17 hour shift :) #BigMoney #ExcitedCustomers,positive
647402838407168000,iPhone 6 Giveaway :),Hi Con : Connnnnnn_ Do you want to get FREE iPhone 6? Hurry check my bi0. Thx :) https://t.co/zHASPOoUW9,positive
647402839657066497,iPhone 6 Giveaway :),Hi Melony : xMelCole Do you want to get FREE iPhone 6? Hurry check my bi0. Thx :) https://t.co/sOwV8qtgoD,positive
647402841510907904,iPhone 6 Giveaway :),Hi Thorin : thorin72 Do you want to get FREE iPhone 6? Hurry check my bi0. Thx :) https://t.co/U0ehws5Yni,positive
647402845743005697,iPhone 6 Giveaway :),Hi faishhh : faishaljailani Do you want to get FREE iPhone 6? Hurry check my bi0. Thx :) https://t.co/HEgTNAD8Ka,positive
647402848775487488,iPhone 6 Giveaway :),Hi Christieeee : wilsonchristiex Do you want to get FREE iPhone 6? Hurry check my bi0. Thx :) https://t.co/nTZ36sri5D,positive
647402850570629120,iPhone 6 Giveaway :),Hi Evan Love : EvanLove9 Do you want to get FREE iPhone 6? Hurry check my bi0. Thx :) https://t.co/jtuWCvsHI0,positive
647402852877500416,iPhone 6 Giveaway :),Hi BRANDON COREY : Bcorey14 Do you want to get FREE iPhone 6? Hurry check my bi0. Thx :) https://t.co/Cxc67IXeTe,positive
647402919101267969,Asian Boobs,amazing ! i just got iphone 6 from this link : http://t.co/2h8Z3Fk28N :),positive
647403432874258432,Twizz,Gonna get my iPhone 6s around 12 :),positive
647403574310211584,#iKONisMyType 2015,@tatotiee i know you like iPHONE :),positive
647404147260719104,iPhone 6 Giveaway!!,Hi DeMarko Gage :) : DeMarko_Gage Do u wanna get a BRAND NEW iPhone 6 for FREE? Please check my Bi0 :D Thx https://t.co/8cJktOJBqF,positive
647404156588806144,iPhone 6 Giveaway!!,Hi Smile :) : Sunshinegrl38 Do u wanna get a BRAND NEW iPhone 6 for FREE? Please check my Bi0 :D Thx https://t.co/CPRWoxe4Yi,positive
647404691102412800,vx1,I'll be doing an Article on the #iphone6s later on today and a review too shortly. ISO #3Dtouch is cool :) you will like it,positive
647404722635325440,Win NEW iPhone 6!,Hi k a y l a m a r i e : kayla_shackle Wanna get FREE iPhone 6? Kindly check my bi0 :) Thx https://t.co/nTJABgZv8U,positive
647404726322130944,Win NEW iPhone 6!,Hi I'm Here to Slay!  : SayDrizzy Wanna get FREE iPhone 6? Kindly check my bi0 :) Thx https://t.co/jB7x2VDqdj,positive
647404727697809408,Win NEW iPhone 6!,Hi Create 5K : FiveKayVFX Wanna get FREE iPhone 6? Kindly check my bi0 :) Thx https://t.co/2P9AXYoJVu,positive
647404728725438464,Win NEW iPhone 6!,Hi Adriana Floridia : adrifloridia Wanna get FREE iPhone 6? Kindly check my bi0 :) Thx https://t.co/w9iE1Uw1o4,positive
647404729706917888,Win NEW iPhone 6!,Hi SHROOM QUEEN : Curlyy_Sue_ Wanna get FREE iPhone 6? Kindly check my bi0 :) Thx https://t.co/wGOGYNIFhj,positive
647404731917291521,Win NEW iPhone 6!,Hi Tiece. : TrillxQveen Wanna get FREE iPhone 6? Kindly check my bi0 :) Thx https://t.co/L2HFkYZui7,positive
647404732932358144,Win NEW iPhone 6!,Hi Curtis Covell-London : Curtisdee1995 Wanna get FREE iPhone 6? Kindly check my bi0 :) Thx https://t.co/kXZEy2HhSn,positive
647404733938966528,Win NEW iPhone 6!,Hi APHRODITE HOOKER : Gaga_Slays_You Wanna get FREE iPhone 6? Kindly check my bi0 :) Thx https://t.co/J1mA68hwwz,positive
647404736317140992,Win NEW iPhone 6!,Hi tie : Taishaaaa Wanna get FREE iPhone 6? Kindly check my bi0 :) Thx https://t.co/RWWpQ26O7m,positive
647404737403465728,Win NEW iPhone 6!,Hi Monty Icenogle : kd6cae Wanna get FREE iPhone 6? Kindly check my bi0 :) Thx https://t.co/txrM9U79Ql,positive
647404738481385472,Win NEW iPhone 6!,Hi Jasmene  : Jasmene Wanna get FREE iPhone 6? Kindly check my bi0 :) Thx https://t.co/1V6Qa4Ky32,positive
647404739513196545,Win NEW iPhone 6!,Hi gemma : gemmamilesxo Wanna get FREE iPhone 6? Kindly check my bi0 :) Thx https://t.co/kTSjaPqcGK,positive
647404740725317632,Win NEW iPhone 6!,Hi Thomas Flores : ThomasFlores22 Wanna get FREE iPhone 6? Kindly check my bi0 :) Thx https://t.co/uhdtOzuGHR,positive
647404741815836672,Win NEW iPhone 6!,Hi hails : haleyxObreann Wanna get FREE iPhone 6? Kindly check my bi0 :) Thx https://t.co/zZJqLHJadr,positive
647404742868627456,Win NEW iPhone 6!,Hi VUJ-Ginger : AsapGinger1 Wanna get FREE iPhone 6? Kindly check my bi0 :) Thx https://t.co/yU1349hza1,positive
647404743925628928,Win NEW iPhone 6!,Hi m. : y0ur_mockingjay Wanna get FREE iPhone 6? Kindly check my bi0 :) Thx https://t.co/ErAF9jPmkB,positive
647405373935108096,cristina,@claude_eustace I used the flash on my iPhone to amp up the color and then just enhanced the contrast in IG :),positive
647405428486176768,emily,"My cellular data doesn't work anymore, hate u ios9 :)",positive
647405853423833088,Chris,"@Daisy_Swain iPhone 6S Plus 64Gb, and a hotel in San Francisco :)",positive
647405880380628992,iPhone 6 Giveaway,Hi phub : FxknnJayy Do u want to get FREE iPhone 6? Please check my bi0 :) Thx https://t.co/mbxCGKzE5n,positive
647405881341161472,iPhone 6 Giveaway,Hi FOOLS! yannie : demigodtroye Do u want to get FREE iPhone 6? Please check my bi0 :) Thx https://t.co/cCVFiJfgVJ,positive
647405882335174656,iPhone 6 Giveaway,Hi James Shepherd  : Jiminy_Bob Do u want to get FREE iPhone 6? Please check my bi0 :) Thx https://t.co/2BNd4H6TMu,positive
647405883283107840,iPhone 6 Giveaway,Hi AHMad khi fc : AsmaShahzad19 Do u want to get FREE iPhone 6? Please check my bi0 :) Thx https://t.co/qdtciHeenO,positive
647405884310712320,iPhone 6 Giveaway,Hi Kierra D. : _kiduh Do u want to get FREE iPhone 6? Please check my bi0 :) Thx https://t.co/AoR80DdUOu,positive
647406108357881857,Kuiaski,"@BenBajarin if you Google ""people camping in line"" you'd see results for: Apple Store, iPhone 6 and a lonely comiccon 2015 reddit :)",positive
647406249483616256,dayss,We still have iphone 6s in stock iphone ppl :) verizon on main!,positive
647406450000687104,Sol Romeo,24 hours of the new iPhone 6S launch: Follow live http://t.co/aKatbTlOwd / Locura :) #BrandLoyalty,positive
647406709397434368,iPhone 6 Giveaway :),Hi Janee | 25 : Troylerscoconut Do you want to get FREE iPhone 6? Hurry check my bi0. Thx :) https://t.co/Z2rtd1Ls0h,positive
647406710731210752,iPhone 6 Giveaway :),Hi KaciKasface : Kaci_KasFace Do you want to get FREE iPhone 6? Hurry check my bi0. Thx :) https://t.co/u6Ryn6UYFh,positive
647406712174063621,iPhone 6 Giveaway :),Hi J. : BallislifeJC Do you want to get FREE iPhone 6? Hurry check my bi0. Thx :) https://t.co/6HY0oPB4j1,positive
647406713377832960,iPhone 6 Giveaway :),Hi Destiny Redmon : dessibabygirl Do you want to get FREE iPhone 6? Hurry check my bi0. Thx :) https://t.co/zy7z3821kW,positive
647406715537879040,iPhone 6 Giveaway :),Hi . : xocheetahPRINT_ Do you want to get FREE iPhone 6? Hurry check my bi0. Thx :) https://t.co/47q6nw1kZP,positive
647406718301925376,iPhone 6 Giveaway :),Hi Ariekal : DallyDoll_Mom Do you want to get FREE iPhone 6? Hurry check my bi0. Thx :) https://t.co/8Ntxhjrjgk,positive
647406719954493440,iPhone 6 Giveaway :),Hi Shaine : shaineeeeeeeeee Do you want to get FREE iPhone 6? Hurry check my bi0. Thx :) https://t.co/2RYggCjQ9s,positive
647406721263140864,iPhone 6 Giveaway :),Hi Lauren : timothysdrake Do you want to get FREE iPhone 6? Hurry check my bi0. Thx :) https://t.co/KczqIEhKlh,positive
647406722659823617,iPhone 6 Giveaway :),Hi  : callawalrus Do you want to get FREE iPhone 6? Hurry check my bi0. Thx :) https://t.co/0RySk1pbxM,positive
647406753475338242,Max Griffiths,@ChrisPirillo I received my iPhone 6s a few hours ago massive upgrade from a iPhone 4 :),positive
647407684833046528,Adri,@iFeliLM Yes sir. I'm now the happy owner of the rose gold iPhone 6s. :),positive
647407931500032000,ovro,My iPhone 6s Plus comes today :),positive
647408415849992192,mia,when you go to Verizon for the new iPhone and leave with the same phone :),positive
647408467746123776,R.A.W.,@sprintnews so mad i didn't know direct 2 u was an option for iphone pre ordering!!!! :( next time!! im in Bmore :) BEST service ever.,positive
647408618732658689,Jazz Smedley,i like the pressure thing on the new iPhone... think i'll use it a lot! :),positive
647408840443604992,My eBay Auction,More bids placed :) Check out #iPhone 6 Gold 128GB UNLOCKED http://t.co/LpHI2B55vp #eBay,positive
647409957487443969,iPhone 6 Giveaway,Hi Justin Latham : TheJustinExp Do u want to get FREE iPhone 6? Please check my bi0 :) Thx https://t.co/2njgqgRNSV,positive
647409958854770688,iPhone 6 Giveaway,Hi Stonecold303® : WanlassJeremiah Do u want to get FREE iPhone 6? Please check my bi0 :) Thx https://t.co/sh0KRSQlJr,positive
647409959819472898,iPhone 6 Giveaway,Hi L : lnhphn Do u want to get FREE iPhone 6? Please check my bi0 :) Thx https://t.co/v2rR6xTYsX,positive
647409960767385601,iPhone 6 Giveaway,Hi #5  : beckers__ Do u want to get FREE iPhone 6? Please check my bi0 :) Thx https://t.co/f5n8ata1ig,positive
647409961841106945,iPhone 6 Giveaway,Hi Patrick : krabypattye Do u want to get FREE iPhone 6? Please check my bi0 :) Thx https://t.co/9FdT5i981f,positive
647409962814173184,iPhone 6 Giveaway,Hi . p&amp;j  : __prettyjas Do u want to get FREE iPhone 6? Please check my bi0 :) Thx https://t.co/RQjvNltjPx,positive
647409979608076288,shark  bait,@xohomesick O'Currance call center for at&amp;t online ordering in Draper :) the iPhone launch is today so we have to work a 10 hr shift,positive
647410109006548993,Scorpio_Sky,"Some people are getting a new iPhone today... We are getting something better, MUCH BETTER.. Tour Anouncement!!!!! :) @deadsara",positive
647410530559332352,Jon allen,"If ur in public and ur bored just scream ""hey siri"" and see how many peoples fones rspnd !! iphone 6s siri is on all the time :)",positive
647410649526571008,Holidays in Italy,This apartment is located in a location above #Gravedona view with your new #iPhone6s :) http://t.co/RAvcxDMI7h http://t.co/DUwh0V9EBS,positive
647410674872750080,iPhone 6 Giveaway :),Hi Brock Adwell : Brocktherockk Do you want to get FREE iPhone 6? Hurry check my bi0. Thx :) https://t.co/bwTCKmKsfi,positive
647410676835729408,iPhone 6 Giveaway :),Hi VLN%9BMC ESJAY : photoesjay Do you want to get FREE iPhone 6? Hurry check my bi0. Thx :) https://t.co/473dtqnWXG,positive
647410678899326976,iPhone 6 Giveaway :),Hi Tavii  : _aivatcO Do you want to get FREE iPhone 6? Hurry check my bi0. Thx :) https://t.co/qZbgHo4e1P,positive
647410680820334593,iPhone 6 Giveaway :),Hi yeah but naw : graceilanaaa Do you want to get FREE iPhone 6? Hurry check my bi0. Thx :) https://t.co/Oa8vY8smPu,positive
647410683001335808,iPhone 6 Giveaway :),Hi bree || 48 : PROSTHETlCHEAD Do you want to get FREE iPhone 6? Hurry check my bi0. Thx :) https://t.co/Rn2iCo96Jw,positive
647410684892979200,iPhone 6 Giveaway :),Hi Carlos Vasquez : obeythetoe Do you want to get FREE iPhone 6? Hurry check my bi0. Thx :) https://t.co/R7biwyHyoQ,positive
647410686834966528,iPhone 6 Giveaway :),Hi Caroline Gregory : ckgregory Do you want to get FREE iPhone 6? Hurry check my bi0. Thx :) https://t.co/1wPPVt14XG,positive
647410689297002496,iPhone 6 Giveaway :),Hi Zoe McMillan : Z_Daawg Do you want to get FREE iPhone 6? Hurry check my bi0. Thx :) https://t.co/E4lbh2F47K,positive
647410691054399488,iPhone 6 Giveaway :),Hi Matthew : THE_KABUC Do you want to get FREE iPhone 6? Hurry check my bi0. Thx :) https://t.co/G610t52qp1,positive
647410693197692928,iPhone 6 Giveaway :),Hi Neek : NekTooRuthless_ Do you want to get FREE iPhone 6? Hurry check my bi0. Thx :) https://t.co/aZAosc6tnO,positive
647410695127044097,iPhone 6 Giveaway :),Hi 10/17 : __AnnaBee Do you want to get FREE iPhone 6? Hurry check my bi0. Thx :) https://t.co/5E9zVsCqoN,positive
647410696855113728,iPhone 6 Giveaway :),Hi TALIBAN : AVisions_ Do you want to get FREE iPhone 6? Hurry check my bi0. Thx :) https://t.co/L4cOrOw94i,positive
647410698880970752,iPhone 6 Giveaway :),Hi Grace : oxgraciebabyxo Do you want to get FREE iPhone 6? Hurry check my bi0. Thx :) https://t.co/s4fS43JfmH,positive
647411385715032064,Win NEW iPhone 6!,Hi NM : nmartinezpp Wanna get FREE iPhone 6? Kindly check my bi0 :) Thx https://t.co/E6FzmOdzUU,positive
647411387661160449,Win NEW iPhone 6!,Hi Mr Make It Happen : Q_Armstrong_ Wanna get FREE iPhone 6? Kindly check my bi0 :) Thx https://t.co/Cyhmn27LN3,positive
647411389351505920,Win NEW iPhone 6!,Hi Casee Voss : TheKidVoss Wanna get FREE iPhone 6? Kindly check my bi0 :) Thx https://t.co/2el8KMK9r7,positive
647411390999863296,Win NEW iPhone 6!,Hi Ne : guttaNe_ Wanna get FREE iPhone 6? Kindly check my bi0 :) Thx https://t.co/lLviZY56jE,positive
647411392425914369,Win NEW iPhone 6!,Hi divss : AyeItsDivya_ Wanna get FREE iPhone 6? Kindly check my bi0 :) Thx https://t.co/9IUcLjxhjT,positive
647411393856151552,Win NEW iPhone 6!,Hi Lee : leewelshman Wanna get FREE iPhone 6? Kindly check my bi0 :) Thx https://t.co/YaOAtGMNGF,positive
647411395038998529,Win NEW iPhone 6!,Hi Lan : alanna_hampton Wanna get FREE iPhone 6? Kindly check my bi0 :) Thx https://t.co/qzp75yjuuY,positive
647411396536332288,Win NEW iPhone 6!,Hi Janel DeGregorio : DeGreg0rgeous Wanna get FREE iPhone 6? Kindly check my bi0 :) Thx https://t.co/78zKZ1HgNv,positive
647411397740077056,Win NEW iPhone 6!,Hi Harley Quinn : allisoniscutee Wanna get FREE iPhone 6? Kindly check my bi0 :) Thx https://t.co/cm6f7uRcZO,positive
647411398927089664,Win NEW iPhone 6!,Hi Rozzaeee : ReyZach_ Wanna get FREE iPhone 6? Kindly check my bi0 :) Thx https://t.co/jrd2hsTFz1,positive
647411400189546496,Win NEW iPhone 6!,Hi princess mac : makkkadelic Wanna get FREE iPhone 6? Kindly check my bi0 :) Thx https://t.co/0NsH6lr5l1,positive
647411401703747584,Win NEW iPhone 6!,Hi Tim Keegan : bigtimm916 Wanna get FREE iPhone 6? Kindly check my bi0 :) Thx https://t.co/puSd8rt9cX,positive
647411403733774336,Win NEW iPhone 6!,Hi cass : cassrae_ Wanna get FREE iPhone 6? Kindly check my bi0 :) Thx https://t.co/Bz3H6xUs4q,positive
647411406652968960,Win NEW iPhone 6!,Hi Stuart Drew : cydermonkey Wanna get FREE iPhone 6? Kindly check my bi0 :) Thx https://t.co/HwIIlhf6kF,positive
647411408083230721,Win NEW iPhone 6!,Hi iNeed : ineed Wanna get FREE iPhone 6? Kindly check my bi0 :) Thx https://t.co/M2aGvDwUnA,positive
647411409458962432,Win NEW iPhone 6!,Hi Charlie Thomas : CharlieThomas Wanna get FREE iPhone 6? Kindly check my bi0 :) Thx https://t.co/PcifNilCqu,positive
647411411166040064,Win NEW iPhone 6!,Hi techma73r : blackhawk9741 Wanna get FREE iPhone 6? Kindly check my bi0 :) Thx https://t.co/TSmpz3jxMz,positive
647411413099638784,Win NEW iPhone 6!,Hi angelissa : angieroyce_ Wanna get FREE iPhone 6? Kindly check my bi0 :) Thx https://t.co/DN08Q1SvpV,positive
647411414299230208,Win NEW iPhone 6!,Hi Levi Klips : leviklips Wanna get FREE iPhone 6? Kindly check my bi0 :) Thx https://t.co/2rdkUKuwFl,positive
647411636697874432,Vanita Clare,"@FidoSolutions oh, no not at all! Just remarking on the release of a new iPhone today :) but thank you!",positive
647411881884446722,,"not having to participate for an iPhone ""launch day"" is the most exciting thing in the world. still so happy i quit vzw. :)",positive
647412181798113284,Win NEW iPhone 6!,Hi Dylan Mitchum : DylanMitchum Wanna get FREE iPhone 6? Kindly check my bi0 :) Thx https://t.co/K9JghW4W8x,positive
647412183048060928,Win NEW iPhone 6!,Hi Queen Saff : SaffDubz_ Wanna get FREE iPhone 6? Kindly check my bi0 :) Thx https://t.co/2dCBEA07yR,positive
647412584237371392,Stephen Chan,Got the iPhone 6S. Pretty sure my screen is going to crack if I keep doing hard presses. Trying to work out which app supports 3D Touch :),positive
647412950714609664,Riley Van Vorhis,"@MatthewSantoro Lol, its just a repeat of the iPhone 6+ there is almost no change, and I am from an apple family so... yeah :)",positive
647413480262365184,Adam,Received my Iphone 6s+ :),positive
647413548054917121,iPhone 6 Giveaway,Hi Will Brown : Dub2Fresh Do u want to get FREE iPhone 6? Please check my bi0 :) Thx https://t.co/MRPh0nekVk,positive
647413549103497216,iPhone 6 Giveaway,Hi taiasiaaaaa  : muthalovinasia Do u want to get FREE iPhone 6? Please check my bi0 :) Thx https://t.co/JWJa7eE6qT,positive
647413550093332481,iPhone 6 Giveaway,Hi Melly : EastCoastKnits Do u want to get FREE iPhone 6? Please check my bi0 :) Thx https://t.co/v51QnynLy2,positive
647413551024480257,iPhone 6 Giveaway,Hi Tashhh   : Naataashaa__ Do u want to get FREE iPhone 6? Please check my bi0 :) Thx https://t.co/LfmNEuhnbg,positive
647413552911941632,iPhone 6 Giveaway,Hi M : __AyeeMari Do u want to get FREE iPhone 6? Please check my bi0 :) Thx https://t.co/Qx3VxNjDRK,positive
647414187665321984,iPhone 6 Giveaway :),Hi shan : huishantan_ Do you want to get FREE iPhone 6? Hurry check my bi0. Thx :) https://t.co/MyyLShiQgo,positive
647414189003264000,iPhone 6 Giveaway :),Hi SHY : SWIFTY___ Do you want to get FREE iPhone 6? Hurry check my bi0. Thx :) https://t.co/gPnuUP20le,positive
647414190261563392,iPhone 6 Giveaway :),Hi .. : _aalraK Do you want to get FREE iPhone 6? Hurry check my bi0. Thx :) https://t.co/gTegEgKI8V,positive
647414191733768193,iPhone 6 Giveaway :),Hi Zn. : zpn__ Do you want to get FREE iPhone 6? Hurry check my bi0. Thx :) https://t.co/3VJHH1nzlS,positive
647414193419878400,iPhone 6 Giveaway :),Hi Rachel Anne : paduarac_ Do you want to get FREE iPhone 6? Hurry check my bi0. Thx :) https://t.co/O1qG71ZL4w,positive
647414194883719168,iPhone 6 Giveaway :),Hi Criscelle Espiritu : iselpin Do you want to get FREE iPhone 6? Hurry check my bi0. Thx :) https://t.co/WNzcZXFhUT,positive
647414197161185280,iPhone 6 Giveaway :),Hi Becca Franks : BeccaFranks1 Do you want to get FREE iPhone 6? Hurry check my bi0. Thx :) https://t.co/NP0UogSGEs,positive
647414198813728768,iPhone 6 Giveaway :),Hi KURAAA : stillPRETTY__ Do you want to get FREE iPhone 6? Hurry check my bi0. Thx :) https://t.co/XAL9kOG1yv,positive
647414200281772032,iPhone 6 Giveaway :),Hi  : 90smilk Do you want to get FREE iPhone 6? Hurry check my bi0. Thx :) https://t.co/ynuvA1N0pX,positive
647414201678491648,iPhone 6 Giveaway :),Hi sarah : taylrslouis Do you want to get FREE iPhone 6? Hurry check my bi0. Thx :) https://t.co/vFZ1kBb8uX,positive
647414202953564160,iPhone 6 Giveaway :),Hi PettyWop : KingPthang Do you want to get FREE iPhone 6? Hurry check my bi0. Thx :) https://t.co/zbFjdwYzgR,positive
647414204455063552,iPhone 6 Giveaway :),Hi Lindsey Hewitt : ArtyLinz Do you want to get FREE iPhone 6? Hurry check my bi0. Thx :) https://t.co/GUO9nYCvL2,positive
647414205587542016,iPhone 6 Giveaway :),Hi Nyrie F. : Nynycharmaigne Do you want to get FREE iPhone 6? Hurry check my bi0. Thx :) https://t.co/uTrWkiFskC,positive
647414207219138560,iPhone 6 Giveaway :),Hi hailey_ : haileybarton97 Do you want to get FREE iPhone 6? Hurry check my bi0. Thx :) https://t.co/nxuSFcAyRu,positive
647414208469069824,iPhone 6 Giveaway :),Hi devin . : g0ldpapii Do you want to get FREE iPhone 6? Hurry check my bi0. Thx :) https://t.co/lVWOnx5TK4,positive
647414209962229760,iPhone 6 Giveaway :),Hi Camille Serenity : blker_the_berri Do you want to get FREE iPhone 6? Hurry check my bi0. Thx :) https://t.co/Cg14qdB5bB,positive
647414212214554624,iPhone 6 Giveaway :),Hi Emma Wilson : emmakwilson3 Do you want to get FREE iPhone 6? Hurry check my bi0. Thx :) https://t.co/nXNwX3quLF,positive
647414213745483776,iPhone 6 Giveaway :),Hi chuck : Chuckoren_ Do you want to get FREE iPhone 6? Hurry check my bi0. Thx :) https://t.co/05IMTvFWHj,positive
647414567451017216,Jason Harris,"Happy new #iPhone day to all those getting new shiny objects! For me, I'm shopping for a used iPhone 6. :)",positive
647415011099451392,Bruce Hunt,My new iPhone 6s Plus has arrived :) http://t.co/PyFsWvbmdu,positive
647415240255258625,Marlon Cole,"I have a shiny new #iphone6s waiting for me at home :)
And no, dear reader, it is not pink.
""Rose gold"", yeah, riiiiight ;)",positive
647415963533619200,Win NEW iPhone 6!,Hi Carli A : carliiha22 Wanna get FREE iPhone 6? Kindly check my bi0 :) Thx https://t.co/ijxbGwOnby,positive
647415967128121344,Win NEW iPhone 6!,Hi Skip  : 1Skip_ Wanna get FREE iPhone 6? Kindly check my bi0 :) Thx https://t.co/p5VAUpya9m,positive
647415968109608960,Win NEW iPhone 6!,Hi Martha Easton : Martha_Noreen Wanna get FREE iPhone 6? Kindly check my bi0 :) Thx https://t.co/5UVQhKkSOI,positive
647415969124622337,Win NEW iPhone 6!,Hi Sean English : englishsean_ Wanna get FREE iPhone 6? Kindly check my bi0 :) Thx https://t.co/Fx81S9Niym,positive
647415970332471296,Win NEW iPhone 6!,Hi booty. : peyton_fc Wanna get FREE iPhone 6? Kindly check my bi0 :) Thx https://t.co/PmnXjxX1lO,positive
647415971892826112,Win NEW iPhone 6!,Hi ToSeeHer : DollFaceDarlin Wanna get FREE iPhone 6? Kindly check my bi0 :) Thx https://t.co/21ZmG9EDZd,positive
647416000737116160,Kevin Meyers,@nvshah I bought an iPhone 6s two weeks ago :),positive
647416200348213248,Shainna Miemban =),anong phone mo? specific please  Iphone 5c :) http://t.co/CDaxsawWVs,positive
647416264361570305,Markeshia,It's iPhone 6s &amp; 6s Plus launch day!!! We have them in stock at Pinole Verizon (all colors &amp; all sizes) :) :) open 7am-10pm,positive
647416427624943617,Samina A.,Just got the new #iPhone6s Rose Gold. Thanks to my hubby for standing in line at the Verizon store before the crack of dawn!! :),positive
647416587427966978,Rebecca ,@Katykicker ahhhhh enjoy!!! im kinda jealous although ive never owned an iphone i am tempted!! :),positive
647416667186831364,ashlyn nicole ball,@haileyeaston rose gold iPhone 6S :),positive
647416886364368896,Cathy Bradford,@KateHarrisJay #VerizonATL  A lot of iPhone lovers out there :),positive
647417179437166592,yvonne,"Babe, do you have fonts that are bold?  hmm not really... you can try to bold your fonts in iphone settings? :) at http://t.co/s9q8M5nHi9",positive
647417382391128064,iPhone 6 Giveaway,Hi sam vallone : samvallonee Do u want to get FREE iPhone 6? Please check my bi0 :) Thx https://t.co/RnowkZJfIV,positive
647417383414579200,iPhone 6 Giveaway,Hi Veroh TG : VerohTG Do u want to get FREE iPhone 6? Please check my bi0 :) Thx https://t.co/XxYj4vgkRP,positive
647417386639953921,iPhone 6 Giveaway,Hi natashaaa : cztoe Do u want to get FREE iPhone 6? Please check my bi0 :) Thx https://t.co/R3V6rg1MBN,positive
647417387617226752,iPhone 6 Giveaway,Hi LaKaisha   : LA_LiGhTz Do u want to get FREE iPhone 6? Please check my bi0 :) Thx https://t.co/woXgsx4GSi,positive
647417653976526849,liz scott,when u go to get the new iPhone &amp; also walk out w a free iPad :),positive
647417841596125185,OtterBoxCS,"@Aaron_Akhobadze Yes, the iPhone 6 Plus Symmetry Series case also works on the new iPhone 6s Plus as well. :)",positive
647417891361554432,iPhone 6 Giveaway :),Hi Olivia Bridwell : oliviabridwell Do you want to get FREE iPhone 6? Hurry check my bi0. Thx :) https://t.co/qg0975uRrX,positive
647417893257351169,iPhone 6 Giveaway :),Hi Ariana : acucchiello Do you want to get FREE iPhone 6? Hurry check my bi0. Thx :) https://t.co/ZGSsftg3Ep,positive
647417894503104513,iPhone 6 Giveaway :),Hi AILGUP : Pugliaaa Do you want to get FREE iPhone 6? Hurry check my bi0. Thx :) https://t.co/Nie64HjdMN,positive
647417895828520961,iPhone 6 Giveaway :),Hi Shelbie : shelbie_white Do you want to get FREE iPhone 6? Hurry check my bi0. Thx :) https://t.co/6Gk4Dye5E3,positive
647417897522982912,iPhone 6 Giveaway :),Hi Regan : RGajdostik Do you want to get FREE iPhone 6? Hurry check my bi0. Thx :) https://t.co/i5mMrSzNqb,positive
647417898647035904,iPhone 6 Giveaway :),Hi mel : shesbelle__ Do you want to get FREE iPhone 6? Hurry check my bi0. Thx :) https://t.co/AVEhJOqdMU,positive
647417899750195200,iPhone 6 Giveaway :),Hi  : Paidbear Do you want to get FREE iPhone 6? Hurry check my bi0. Thx :) https://t.co/d34CLOkO2i,positive
647417901054603265,iPhone 6 Giveaway :),Hi marie : mariekohrman Do you want to get FREE iPhone 6? Hurry check my bi0. Thx :) https://t.co/zL1NMbv0Iz,positive
647417902791028736,iPhone 6 Giveaway :),Hi Shaviah : ShaviahColeman Do you want to get FREE iPhone 6? Hurry check my bi0. Thx :) https://t.co/mggPv1Cv7V,positive
647417904087060480,iPhone 6 Giveaway :),Hi E : msedlynperalta Do you want to get FREE iPhone 6? Hurry check my bi0. Thx :) https://t.co/RanjR7Mxuq,positive
647417905345392640,iPhone 6 Giveaway :),Hi Zorrida Rita Harris : thaichica74 Do you want to get FREE iPhone 6? Hurry check my bi0. Thx :) https://t.co/FRSQBvoabm,positive
647417906754662401,iPhone 6 Giveaway :),"Hi Jamm'ee . BABBY ,! : jammee_ Do you want to get FREE iPhone 6? Hurry check my bi0. Thx :) https://t.co/LUb7hKiJwE",positive
647417908025552896,iPhone 6 Giveaway :),Hi D. : _SpeakingofDeDe Do you want to get FREE iPhone 6? Hurry check my bi0. Thx :) https://t.co/ohfVDYsgzY,positive
647418182706184192,4t0m69,Our new Trybal browse screen has just gone live on iPhone! Android browse screen coming soon :)  #trybalfeedback,positive
647418361383555072,Jane Chua,@Zoelnology hahaha iPhone  never tried android before!!! Probably the next one :),positive
647418470267789312,Clodagh,1 smashed iPhone 5s screen!! Hmmmm new one out :) I suspect I will be accused of doing it deliberately ,positive
647418539335413764,Matt,@balsamiq When can we expect updated iphone templates in the desktop application? Or do you have something else in the pipeline? :),positive
647419163007414272,Toby ,I am not sure if we are on a mission to get the iPhone 6s+ or a gyro.  Either way @christinabernls is determined :),positive
647419715460145152,Jollers,@duncanstevenson Actually not an iphone! Probably why it was delivered so quickly. They were confused about what it could be :),positive
647419793172135936,Dubai News & Views,"I got a new iPhone, I also hot a new iPhone but I didnt.. I have a life :) http://t.co/Di4ZKDwFfT",positive
647419838760157184,Win NEW iPhone 6!,Hi Paige DeHaven  : PaigeyDeee Wanna get FREE iPhone 6? Kindly check my bi0 :) Thx https://t.co/jf8NMYW9et,positive
647419839842287616,Win NEW iPhone 6!,Hi Apopka_Sprint : SprintApopka Wanna get FREE iPhone 6? Kindly check my bi0 :) Thx https://t.co/MRoW7dEtzX,positive
647419841087934464,Win NEW iPhone 6!,Hi liz : iiadorelizzy Wanna get FREE iPhone 6? Kindly check my bi0 :) Thx https://t.co/VCyLkUXq5D,positive
647419842325291008,Win NEW iPhone 6!,Hi Nialler. : ninyahoran Wanna get FREE iPhone 6? Kindly check my bi0 :) Thx https://t.co/9Ly0zVsImL,positive
647419843696795649,Win NEW iPhone 6!,Hi Yeah that's me : darla140 Wanna get FREE iPhone 6? Kindly check my bi0 :) Thx https://t.co/WOIXNeOxmT,positive
647419845164797952,Win NEW iPhone 6!,Hi CP : CorriPhillips Wanna get FREE iPhone 6? Kindly check my bi0 :) Thx https://t.co/NICNqRARFv,positive
647419846309847040,Win NEW iPhone 6!,Hi Demi  : Iovatcdemi Wanna get FREE iPhone 6? Kindly check my bi0 :) Thx https://t.co/paThZlAWWF,positive
647419847417143296,Win NEW iPhone 6!,Hi DIITRO : denciso3 Wanna get FREE iPhone 6? Kindly check my bi0 :) Thx https://t.co/4EcvBesCsl,positive
647419848578965504,Win NEW iPhone 6!,Hi sydneyy : squid024 Wanna get FREE iPhone 6? Kindly check my bi0 :) Thx https://t.co/VOKZT113Be,positive
647419849837256704,Win NEW iPhone 6!,Hi Nishanth : nishanthgadde Wanna get FREE iPhone 6? Kindly check my bi0 :) Thx https://t.co/F0hMvICzMv,positive
647419850940379136,Win NEW iPhone 6!,Hi Carissa Roncati : carissaronkitty Wanna get FREE iPhone 6? Kindly check my bi0 :) Thx https://t.co/wVKvLBZud5,positive
647419853498908672,Win NEW iPhone 6!,Hi LATIFAH CRESWELL : TBOOMS1LATIFAH Wanna get FREE iPhone 6? Kindly check my bi0 :) Thx https://t.co/A4eDbuE4Bv,positive
647419854627151872,Win NEW iPhone 6!,Hi kelly!belly : OASlCS Wanna get FREE iPhone 6? Kindly check my bi0 :) Thx https://t.co/9YQcNrzyfH,positive
647420308316626944,Brad,When you're sitting there waiting for the UPS truck for your new iphone :) :(,positive
647420360074338304,Jennifer Rowsell,Happy iPhone day to those getting a new one :) I'll be visiting a store to play with 3D touch soon!,positive
647420452210614272,E,Can't wait to see what @CaseyNeistat and @bemeapp have for me on he iPhone 6s :),positive
647420665625231361,EE,"@theonlybuss Hello James, welcome aboard. Hope you enjoy your new iPhone... #TheUKsLeadingNetwork :) - KD",positive
647420699049652228,JRA,@Optrix do you guys have your #iphone6s ? Are you testing it? It fits in the case but I want your underwater approval asap :),positive
647420837931278337,Ro-HIT Baid,@Educomp maybe :) btw what did i win this time? an old model of iphone? :D,positive
647420855463583744,iChernov,One of the most beautiful tech compositions I've ever seen :) #iPhone6s #FitFuzeApp http://t.co/y6BgtWsPsP,positive
647420946240962561,iPhone 6 Giveaway,Hi nah b  : BeLikeMay Do u want to get FREE iPhone 6? Please check my bi0 :) Thx https://t.co/VjdegIHDnz,positive
647420948086452224,iPhone 6 Giveaway,Hi becca greig : beccagreig_x Do u want to get FREE iPhone 6? Please check my bi0 :) Thx https://t.co/0Drvt8ScUV,positive
647420949470515200,iPhone 6 Giveaway,Hi Sid : toxsid_ Do u want to get FREE iPhone 6? Please check my bi0 :) Thx https://t.co/O3pMLLcGe1,positive
647420950984687616,iPhone 6 Giveaway,Hi Tanya : Tanya_oOo Do u want to get FREE iPhone 6? Please check my bi0 :) Thx https://t.co/ImoLYSu8dZ,positive
647420952675020800,iPhone 6 Giveaway,Hi britttany  : janaeesellers Do u want to get FREE iPhone 6? Please check my bi0 :) Thx https://t.co/FlijeuScbZ,positive
647420954164002817,iPhone 6 Giveaway,Hi Shea  : REBBECAFTYAZZ Do u want to get FREE iPhone 6? Please check my bi0 :) Thx https://t.co/MJeDihGiIm,positive
647421488447008769,EE,@ashleyjamescook Hope your enjoying your new iPhone :) - KD,positive
647421619766435840,TELUS,Woo! Dave Fleet was our 1st customer to come visit us and get his hands on a brand new iPhone 6s! Congrats :) http://t.co/JQDTxe6mLf,positive
647421728252104705,iPhone 6 Giveaway :),Hi King Karrie  : Imaginee_x3 Do you want to get FREE iPhone 6? Hurry check my bi0. Thx :) https://t.co/P4WGDdGMLY,positive
647421729485291520,iPhone 6 Giveaway :),Hi ... : Royleishaaa Do you want to get FREE iPhone 6? Hurry check my bi0. Thx :) https://t.co/SCoNucW5xf,positive
647421730529652736,iPhone 6 Giveaway :),Hi whatever : XoNyny Do you want to get FREE iPhone 6? Hurry check my bi0. Thx :) https://t.co/66cgbaJQB0,positive
647421731699863552,iPhone 6 Giveaway :),Hi King Chips : SwoDyLOwE34 Do you want to get FREE iPhone 6? Hurry check my bi0. Thx :) https://t.co/n2TGuQg66o,positive
647421733293715456,iPhone 6 Giveaway :),Hi Iveth Rangel : Iveth_Rangel66 Do you want to get FREE iPhone 6? Hurry check my bi0. Thx :) https://t.co/IodIs8AhNs,positive
647421734631669760,iPhone 6 Giveaway :),Hi Jasmin : Jasmin_Oh_My Do you want to get FREE iPhone 6? Hurry check my bi0. Thx :) https://t.co/fpmofTe89i,positive
647421736166793216,iPhone 6 Giveaway :),Hi jocelyn : _yourelovelyxo Do you want to get FREE iPhone 6? Hurry check my bi0. Thx :) https://t.co/vjbRdYLIhG,positive
647421737911615488,iPhone 6 Giveaway :),Hi steff : _hellokitty91 Do you want to get FREE iPhone 6? Hurry check my bi0. Thx :) https://t.co/yaOvEpNMf9,positive
647421739169939457,iPhone 6 Giveaway :),Hi Vito : FOEVito_ Do you want to get FREE iPhone 6? Hurry check my bi0. Thx :) https://t.co/Z9RmciJNZy,positive
647421740298145792,iPhone 6 Giveaway :),Hi Kali Shae Poppell : KaliShaeee Do you want to get FREE iPhone 6? Hurry check my bi0. Thx :) https://t.co/g9cal7v8bb,positive
647421741325754368,iPhone 6 Giveaway :),Hi Kim Kardashian : ImTHEfactor Do you want to get FREE iPhone 6? Hurry check my bi0. Thx :) https://t.co/UdTS8A5Cnm,positive
647421742403723264,iPhone 6 Giveaway :),Hi yasssjesss : Jessy_Sess Do you want to get FREE iPhone 6? Hurry check my bi0. Thx :) https://t.co/CoZ69LpAyM,positive
647421743653617664,iPhone 6 Giveaway :),Hi Bailey | Emma Is Bae : xemma_blackeryx Do you want to get FREE iPhone 6? Hurry check my bi0. Thx :) https://t.co/OkbYO0g9GR,positive
647421744807084033,iPhone 6 Giveaway :),Hi Moises : YungRica_ Do you want to get FREE iPhone 6? Hurry check my bi0. Thx :) https://t.co/CJyUNx4v9M,positive
647421745947873280,iPhone 6 Giveaway :),Hi Will : __DaVonte__ Do you want to get FREE iPhone 6? Hurry check my bi0. Thx :) https://t.co/mgA7sZ8HL7,positive
647421747004878848,iPhone 6 Giveaway :),Hi sara : saranuuu Do you want to get FREE iPhone 6? Hurry check my bi0. Thx :) https://t.co/60Ya97M5Ze,positive
647421748091179008,iPhone 6 Giveaway :),Hi Nelly : seguraduke Do you want to get FREE iPhone 6? Hurry check my bi0. Thx :) https://t.co/mJ46WyADRp,positive
647421749504684032,iPhone 6 Giveaway :),Hi Omo MUFC : Dat_Lanky_Dude Do you want to get FREE iPhone 6? Hurry check my bi0. Thx :) https://t.co/eXss4hSSCM,positive
647421750599380992,iPhone 6 Giveaway :),Hi Nick : nick_walker3 Do you want to get FREE iPhone 6? Hurry check my bi0. Thx :) https://t.co/ryY4KBFQne,positive
647421875899924480,Blue Water Marketing,#Deal #kampanj 2600mAh Pink Power Bank Portable Battery USB Charger Iphone Samsung Sony HTC! :) http://t.co/TgWpeETVaT via @BlueWaterMarket,positive
647423099051208704,Jessica Frey,"For anyone waiting on #FedEx to delivery your tiny box, if you haven't backed up your iPhone to the cloud, do so before your 6s arrives :)",positive
647423182396366848,DiscoveringPR,So ? Is my wife's iPhone in #puertorico or not - impossible to know as @USPS tracking info not been updated since 7pm last night :),positive
647423442468368384,Win NEW iPhone 6!,Hi  Carooe xo : Foo_lovaa Wanna get FREE iPhone 6? Kindly check my bi0 :) Thx https://t.co/rM9S9WIpbV,positive
647423443533697024,Win NEW iPhone 6!,Hi Ruman : rumanbassi Wanna get FREE iPhone 6? Kindly check my bi0 :) Thx https://t.co/ESjl8k1nwo,positive
647423445358260225,Win NEW iPhone 6!,Hi ashley : bocaspwincess Wanna get FREE iPhone 6? Kindly check my bi0 :) Thx https://t.co/0asaqBDAE8,positive
647423446415200256,Win NEW iPhone 6!,Hi Reuben : benrola Wanna get FREE iPhone 6? Kindly check my bi0 :) Thx https://t.co/dN7hwDlRtB,positive
647423447438598144,Win NEW iPhone 6!,Hi trev : FroAlmighty Wanna get FREE iPhone 6? Kindly check my bi0 :) Thx https://t.co/kVCGUhni87,positive
647423448600420352,Win NEW iPhone 6!,Hi Gfazo  : FlyGuyVince Wanna get FREE iPhone 6? Kindly check my bi0 :) Thx https://t.co/3JZIO4O6Kh,positive
647423449758101504,Win NEW iPhone 6!,Hi jeremiah. : JeremiahCobb Wanna get FREE iPhone 6? Kindly check my bi0 :) Thx https://t.co/FJmHsvBdaY,positive
647423450764722177,Win NEW iPhone 6!,Hi V the Villain : uhitsveronica Wanna get FREE iPhone 6? Kindly check my bi0 :) Thx https://t.co/moqdqdUbCD,positive
647423451989442561,Win NEW iPhone 6!,Hi sydney : craysyd Wanna get FREE iPhone 6? Kindly check my bi0 :) Thx https://t.co/h83JG2vSTZ,positive
647423452991852544,Win NEW iPhone 6!,Hi Rachel : LeopLeeRach Wanna get FREE iPhone 6? Kindly check my bi0 :) Thx https://t.co/dZCUtE9ii3,positive
647423454111748096,Win NEW iPhone 6!,Hi Cara Lake : CaraL12 Wanna get FREE iPhone 6? Kindly check my bi0 :) Thx https://t.co/IO4XWsWlVJ,positive
647423455080660992,Win NEW iPhone 6!,Hi Citra Safira : abcitrsafira Wanna get FREE iPhone 6? Kindly check my bi0 :) Thx https://t.co/fmotLCdkzv,positive
647423456125022208,Win NEW iPhone 6!,Hi Alondra : Alondra3757 Wanna get FREE iPhone 6? Kindly check my bi0 :) Thx https://t.co/LbtMVaQmzt,positive
647423457333002240,Win NEW iPhone 6!,Hi mariela khloe : OjouMayeh Wanna get FREE iPhone 6? Kindly check my bi0 :) Thx https://t.co/YuEezpzY7V,positive
647423458327011328,Win NEW iPhone 6!,Hi Tye Lang : Chuck_Daley Wanna get FREE iPhone 6? Kindly check my bi0 :) Thx https://t.co/KleIttCJ2f,positive
647423460151586816,Win NEW iPhone 6!,Hi wagner : wags617 Wanna get FREE iPhone 6? Kindly check my bi0 :) Thx https://t.co/w2TjhMpyrp,positive
647423462231920641,Win NEW iPhone 6!,Hi laela : laela_kurdali Wanna get FREE iPhone 6? Kindly check my bi0 :) Thx https://t.co/938TzpiUPN,positive
647423853015236608,Hair & Whiskers,Managed to get one of these bad boys this morning :) #iPhone6s http://t.co/1qYeZmEgcQ,positive
647423924247117824,Mark Moran,"@maccast: We may have a problem.  No UPS, no iPhone 6s?
Could be worse the Pope could be closing the whole city :)",positive
647424145865752577,Randall,My iphone just arrived in the mail :),positive
647424599819452417,iPhone 6 Giveaway,Hi llnb   : xojab_ Do u want to get FREE iPhone 6? Please check my bi0 :) Thx https://t.co/tJz0r8aVRM,positive
647424602575122432,iPhone 6 Giveaway,Hi starfire : sailorelijah Do u want to get FREE iPhone 6? Please check my bi0 :) Thx https://t.co/NMHoTtUDxP,positive
647424607666991104,iPhone 6 Giveaway,Hi Ashley : ashmetcalfdec11 Do u want to get FREE iPhone 6? Please check my bi0 :) Thx https://t.co/ch4QygbxjP,positive
647424608715558912,iPhone 6 Giveaway,Hi Wynn : WynterAlliyiah Do u want to get FREE iPhone 6? Please check my bi0 :) Thx https://t.co/FsYWHN9AL5,positive
647424609906589696,iPhone 6 Giveaway,Hi erichharvey : erichharvey Do u want to get FREE iPhone 6? Please check my bi0 :) Thx https://t.co/zD140UiQiN,positive
647424611215405056,iPhone 6 Giveaway,Hi Thaddeus John Loh : fookangduk Do u want to get FREE iPhone 6? Please check my bi0 :) Thx https://t.co/rvsY76iFdy,positive
647424612201070592,iPhone 6 Giveaway,Hi CL GZB INDIA : memealuvzCL Do u want to get FREE iPhone 6? Please check my bi0 :) Thx https://t.co/akAIovnVL5,positive
647425486398734336,Fraser McDonald,"Live coverage of the SF Apple store opening as the iPhone 6 is released
Anyone at #twitchcon there? :) https://t.co/jKTNpqNBJJ",positive
647425511598202881,iPhone 6 Giveaway :),Hi grace moes : gmoezy Do you want to get FREE iPhone 6? Hurry check my bi0. Thx :) https://t.co/V9bnplTybE,positive
647425514144198656,iPhone 6 Giveaway :),Hi Omo MUFC : Dat_Lanky_Dude Do you want to get FREE iPhone 6? Hurry check my bi0. Thx :) https://t.co/oyAMBjtIjF,positive
647425515675090944,iPhone 6 Giveaway :),Hi Marie : therealmarieg Do you want to get FREE iPhone 6? Hurry check my bi0. Thx :) https://t.co/g88IkGbuUK,positive
647425517457678336,iPhone 6 Giveaway :),Hi One&amp;Only : IAfricanBeautyI Do you want to get FREE iPhone 6? Hurry check my bi0. Thx :) https://t.co/lSJ0rGylkf,positive
647425519810691072,iPhone 6 Giveaway :),Hi TRE$ : bighomietres Do you want to get FREE iPhone 6? Hurry check my bi0. Thx :) https://t.co/cLpZPMEJyq,positive
647425521597460480,iPhone 6 Giveaway :),Hi ally  : ughhally Do you want to get FREE iPhone 6? Hurry check my bi0. Thx :) https://t.co/uF4ZHK5KxF,positive
647425522872512516,iPhone 6 Giveaway :),Hi tyrant : theragaone Do you want to get FREE iPhone 6? Hurry check my bi0. Thx :) https://t.co/7duod9tyuq,positive
647425524227309568,iPhone 6 Giveaway :),Hi yatta : dadfortheday Do you want to get FREE iPhone 6? Hurry check my bi0. Thx :) https://t.co/mnrVzKwafG,positive
647425525611405313,iPhone 6 Giveaway :),Hi ki.an.aa : kianaaawho Do you want to get FREE iPhone 6? Hurry check my bi0. Thx :) https://t.co/W51rBiLn5k,positive
647425527339466752,iPhone 6 Giveaway :),Hi sierra greer  : SierraNicole425 Do you want to get FREE iPhone 6? Hurry check my bi0. Thx :) https://t.co/EiMXk5fzQv,positive
647425528794890240,iPhone 6 Giveaway :),Hi elena tesfaye : elenaxxvictoria Do you want to get FREE iPhone 6? Hurry check my bi0. Thx :) https://t.co/kbTQlveiVq,positive
647425530552320000,iPhone 6 Giveaway :),Hi bri : briannaxnicole_ Do you want to get FREE iPhone 6? Hurry check my bi0. Thx :) https://t.co/2WaV9VSfuC,positive
647425532087373824,iPhone 6 Giveaway :),Hi Brett Young : Br3ttYoung Do you want to get FREE iPhone 6? Hurry check my bi0. Thx :) https://t.co/D43hqLsN2Q,positive
647425534314594305,iPhone 6 Giveaway :),Hi Muva P : patrichh_ Do you want to get FREE iPhone 6? Hurry check my bi0. Thx :) https://t.co/Je5D7bPb8E,positive
647425536139116544,iPhone 6 Giveaway :),Hi UberLyft PghGirl : uberlyftpghgirl Do you want to get FREE iPhone 6? Hurry check my bi0. Thx :) https://t.co/tAGaM1Crrv,positive
647425746198233088, Jeferson Dias ,"iPhone 6s! :) (@ Apple Store, Fifth Avenue in New York, NY) https://t.co/j9Y1o06JOH http://t.co/3cz6BVRgXR",positive
647425754901430272,Karl Conrad,"NEW VIDEO IS LIVE! iPhone 6S unboxing! RTs and FAVs greatly appreciated :)
https://t.co/lHJJFzWZtJ http://t.co/MNpB0ydRcv",positive
647426191662551040,Namfon,Holiday in my Kingdom: I've reached level 30! Catch me if you can :)  http://t.co/PD8rpHmjo2 #GameInsight #iPhone #iPhoneGames,positive
647426315537268736,John Dissauer,Why I'm still on 5.1. :) RT @Espngreeny: This just in: The new operating system for iPhone is a disaster of biblical proportion.,positive
647426901515046912,Charlotte T,"@YodelOnline Yep, I upgraded my phone to an iPhone 6 :)",positive
647427256390975488,Win NEW iPhone 6!,Hi conDRAGulations. : kkinda_busy Wanna get FREE iPhone 6? Kindly check my bi0 :) Thx https://t.co/IYjBJ3XwOy,positive
647427257666039808,Win NEW iPhone 6!,Hi MarcusDean : DCAllDay88 Wanna get FREE iPhone 6? Kindly check my bi0 :) Thx https://t.co/SE2RxAQpKB,positive
647427258819416064,Win NEW iPhone 6!,Hi  : ayeyonami Wanna get FREE iPhone 6? Kindly check my bi0 :) Thx https://t.co/N5kARb1Cvh,positive
647427260711075840,Win NEW iPhone 6!,Hi Mauricio : mofoshoo Wanna get FREE iPhone 6? Kindly check my bi0 :) Thx https://t.co/PqQSBa97C7,positive
647427261801623552,Win NEW iPhone 6!,Hi  : _yourhighhness Wanna get FREE iPhone 6? Kindly check my bi0 :) Thx https://t.co/KHkfpDbQkR,positive
647427263135412225,Win NEW iPhone 6!,Hi AJ Shivar : horiz0nfall Wanna get FREE iPhone 6? Kindly check my bi0 :) Thx https://t.co/hy0BOCeWZE,positive
647427264137838592,Win NEW iPhone 6!,Hi Nippleopolis_ : BlackkkgirlBree Wanna get FREE iPhone 6? Kindly check my bi0 :) Thx https://t.co/XCCQfvYkvf,positive
647427265236729856,Win NEW iPhone 6!,Hi  Jonathan Larios : JonathanL58 Wanna get FREE iPhone 6? Kindly check my bi0 :) Thx https://t.co/qHmSo3sSJQ,positive
647427266390192128,Win NEW iPhone 6!,Hi Devan Thorne : devanthorne Wanna get FREE iPhone 6? Kindly check my bi0 :) Thx https://t.co/Oc8buTcgQU,positive
647427267518431233,Win NEW iPhone 6!,Hi Mike Lawless : MikeLawlessCR Wanna get FREE iPhone 6? Kindly check my bi0 :) Thx https://t.co/aon6cwWx2H,positive
647427268579590144,Win NEW iPhone 6!,Hi EEO : Cheechmo_ Wanna get FREE iPhone 6? Kindly check my bi0 :) Thx https://t.co/3sJusfbSkn,positive
647427272039919616,Win NEW iPhone 6!,Hi Lucass : Lucascox1 Wanna get FREE iPhone 6? Kindly check my bi0 :) Thx https://t.co/EvDawndR6n,positive
647427273134616577,Win NEW iPhone 6!,Hi YoursTruly : ____eeeemmmmiii Wanna get FREE iPhone 6? Kindly check my bi0 :) Thx https://t.co/ra1UY1RN2V,positive
647427570326220800,Jeff Despres,@UPS_Canada Indeed! Ill be staring at the clock because the iPhone that was to be delivered today now wont be here until Monday. :),positive
647427720276799488,Neal Chamberlain,New iPhone 6S Plus in hand! WhooHoo! 13 hours in line waiting for this baby and she's all mine now :) http://t.co/HQZmIrf0Yo,positive
647427963420573696,AmazingSpaceCat,"iPhone 6s and iPhone 6s Plus launched today :) people were sleeping inside their cars on the parking lot , its hilarious !",positive
647428037596737536,Andre Campbell,"I'm so ______ Apple right now!!! :)
#apple #imac #iphone  #iphone6s #applewatch @ Wesley Chapel, Florida https://t.co/S66V2AZjZT",positive
647428224855764993,MayFeelings,"@NYPD19Pct @UN_Spokesperson @UN Get 'Pope Selfie' app!!! :)
iPhone --&gt; https://t.co/UUsV4NBTG6 
Android --&gt; https://t.co/bxIdPkCbtW",positive
647428348579201025,Debra Phillips,The iPhone 6s will be available to order with us from 1st October. If you're interested let me know. :) http://t.co/bWLOKtoIut,positive
647428700984745984,iPhone 6 Giveaway,Hi CL GZB INDIA : memealuvzCL Do u want to get FREE iPhone 6? Please check my bi0 :) Thx https://t.co/rYNa18fKa0,positive
647428702180085761,iPhone 6 Giveaway,Hi ...Ali's army... : Jasmine_Jade_99 Do u want to get FREE iPhone 6? Please check my bi0 :) Thx https://t.co/oq9fH2qL3i,positive
647428703736172544,iPhone 6 Giveaway,Hi Zach : Zach_Rataezyk Do u want to get FREE iPhone 6? Please check my bi0 :) Thx https://t.co/JLGknpuMl9,positive
647428704881233924,iPhone 6 Giveaway,Hi Hank of the Plains : hankofthehil Do u want to get FREE iPhone 6? Please check my bi0 :) Thx https://t.co/MtkYjbOVSo,positive
647428705896243200,iPhone 6 Giveaway,Hi Ashley Puentes  : bxdominicanaa Do u want to get FREE iPhone 6? Please check my bi0 :) Thx https://t.co/HiqPN9ZftJ,positive
647428706978394112,iPhone 6 Giveaway,Hi Isabel  : avstinftcam Do u want to get FREE iPhone 6? Please check my bi0 :) Thx https://t.co/NoWgzTXgYo,positive
647428707934695424,iPhone 6 Giveaway,Hi Tony Rodriguez : Trodzz Do u want to get FREE iPhone 6? Please check my bi0 :) Thx https://t.co/3SBXNvHOdb,positive
647428709474004992,iPhone 6 Giveaway,Hi Tracey Edwards : tedwards0701 Do u want to get FREE iPhone 6? Please check my bi0 :) Thx https://t.co/JTYpfsVOWJ,positive
647428894379933698,Selim Demir,@vvanwilgenburg No Barzani cover for my iPhone? :),positive
647429421515849728,iPhone 6 Giveaway :),Hi Beyoncé : __kii_ Do you want to get FREE iPhone 6? Hurry check my bi0. Thx :) https://t.co/4GVleS1sFA,positive
647429423394910208,iPhone 6 Giveaway :),Hi anjulicd : anjulicd Do you want to get FREE iPhone 6? Hurry check my bi0. Thx :) https://t.co/PMMVIhDFTA,positive
647429425525600260,iPhone 6 Giveaway :),Hi FalcoMaster3000 : tsundras Do you want to get FREE iPhone 6? Hurry check my bi0. Thx :) https://t.co/vAd5w8EjTl,positive
647429427958317056,iPhone 6 Giveaway :),Hi LongLiveKingBeBe : Dear_Armani Do you want to get FREE iPhone 6? Hurry check my bi0. Thx :) https://t.co/vxBsPKSwKE,positive
647429429640232960,iPhone 6 Giveaway :),Hi Drew : andrewlanders_ Do you want to get FREE iPhone 6? Hurry check my bi0. Thx :) https://t.co/Eeww7UIem1,positive
647429431527624704,iPhone 6 Giveaway :),Hi Cristy Torres : cristyy__21 Do you want to get FREE iPhone 6? Hurry check my bi0. Thx :) https://t.co/drP5U5UiWz,positive
647429434514010116,iPhone 6 Giveaway :),Hi Nancy Nguyen : hello_nanncy Do you want to get FREE iPhone 6? Hurry check my bi0. Thx :) https://t.co/EZus7MV1Dp,positive
647429436938305536,iPhone 6 Giveaway :),Hi Mr. D3 : DeezyTheDon_ Do you want to get FREE iPhone 6? Hurry check my bi0. Thx :) https://t.co/MUDgmkNucm,positive
647429439987556352,iPhone 6 Giveaway :),Hi Lauren : laurenasheets Do you want to get FREE iPhone 6? Hurry check my bi0. Thx :) https://t.co/a2QMUiuGjr,positive
647429442139226112,iPhone 6 Giveaway :),Hi Melissa Rivas : MelBlogz Do you want to get FREE iPhone 6? Hurry check my bi0. Thx :) https://t.co/LHwWh6sAEN,positive
647429445465309184,iPhone 6 Giveaway :),Hi Kaylee| 2 DAYS!! : happinessiswifi Do you want to get FREE iPhone 6? Hurry check my bi0. Thx :) https://t.co/mLgZ7hPX2r,positive
647429727188291584,Sam McClarence,@PixelsMedia4 playing on my new iPhone 6s :),positive
647429985989472256,Pardha Mantravadi,Any end-user reviews of #iPhone6S yet or just bracing for a wave of #innovation from the next version? :),positive
647429986341781504,Texavi ,Any end-user reviews of #iPhone6S yet or just bracing for a wave of #innovation from the next version? :),positive
647430324213837826,min ,"@venshkri 1. ill hate u 2. u cant fit the iphone squad 3. im just kidding, pls buy an iphone6s rose gold :) :) :)",positive
647430382124683264,vincere,"Reading "" walking home "" from @clarebalding on the Iphone . Yeah so far so good 
I like it :)",positive
647430422679453697,Win NEW iPhone 6!,Hi thunda  : dKristina_ Wanna get FREE iPhone 6? Kindly check my bi0 :) Thx https://t.co/TKc1ruuRp8,positive
647430423950266372,Win NEW iPhone 6!,Hi Rob Dolan : robd316 Wanna get FREE iPhone 6? Kindly check my bi0 :) Thx https://t.co/821M4wkVPB,positive
647430424994684928,Win NEW iPhone 6!,Hi Knuckles Da Great : KnucklesDaGreat Wanna get FREE iPhone 6? Kindly check my bi0 :) Thx https://t.co/cw4n6Swg0g,positive
647430426450128896,Win NEW iPhone 6!,Hi FREE SMOOTH : highlife_of_DZ Wanna get FREE iPhone 6? Kindly check my bi0 :) Thx https://t.co/BmfmmvlO0H,positive
647430427603546112,Win NEW iPhone 6!,Hi Stephanie Giannetti : StephBKNY Wanna get FREE iPhone 6? Kindly check my bi0 :) Thx https://t.co/Sh9VkqURQQ,positive
647430429574828032,Win NEW iPhone 6!,Hi Dillion : Dillion__ Wanna get FREE iPhone 6? Kindly check my bi0 :) Thx https://t.co/IKEHrmjdKg,positive
647430431361626112,Win NEW iPhone 6!,Hi v //  : MALIBUGILINSKY Wanna get FREE iPhone 6? Kindly check my bi0 :) Thx https://t.co/HyTdp4wblv,positive
647430433945292801,Win NEW iPhone 6!,Hi Arabia : KKKurtie Wanna get FREE iPhone 6? Kindly check my bi0 :) Thx https://t.co/imtsCi6UT8,positive
647430435128086532,Win NEW iPhone 6!,Hi Pinkfluence : Pinkfluence Wanna get FREE iPhone 6? Kindly check my bi0 :) Thx https://t.co/yjtUOkXeJ9,positive
647430436298354688,Win NEW iPhone 6!,Hi holly : hollymills_x Wanna get FREE iPhone 6? Kindly check my bi0 :) Thx https://t.co/C3UsBrACs6,positive
647430437481132033,Win NEW iPhone 6!,Hi Amelia Patrice. : Melieebird Wanna get FREE iPhone 6? Kindly check my bi0 :) Thx https://t.co/MDyWgSnmCE,positive
647430438789713920,Win NEW iPhone 6!,Hi L. L. Pooh-Day : KeepitCordial Wanna get FREE iPhone 6? Kindly check my bi0 :) Thx https://t.co/Dd9e0uDEDp,positive
647430439876055040,Win NEW iPhone 6!,Hi Ash : _NaturalBadASH Wanna get FREE iPhone 6? Kindly check my bi0 :) Thx https://t.co/BUA7MO2olK,positive
647430635087376389,iPhone 6 Giveaway!!,Hi courts :) // 9 days : ffscourteney Do u wanna get a BRAND NEW iPhone 6 for FREE? Please check my Bi0 :D Thx https://t.co/DhK9iHO9dT,positive
647430652728606720,Innovation BOT,texavi1: Any end-user reviews of #iPhone6S yet or just bracing for a wave of #innovation from the next version? :),positive
647430782659731456,Aleksa Stnakvoci,@TypicalReviews hey could i win an iphone 6s i really need upgrade from my iphone 5 :),positive
647431084850946048,PTXunited,@Hotrod_chickidi iPhone 5 :),positive
647431532974575617,Arvid Forsberg,"""Should Apple discontinue the 16GB iPhone?"" F-ing YES &amp; 32 as well. 64 should be the cheap minimum. It's 2015 ffs. :) http://t.co/u3llGG1Vbm",positive
647432256018075648,Derek Cacciotti ,iPhone 6s Plus. So far so good :),positive
647432689130303488,iPhone 6 Giveaway,Hi Samantha Williams : mysparkledlife Do u want to get FREE iPhone 6? Please check my bi0 :) Thx https://t.co/VZTcWRpL6z,positive
647432690124374020,iPhone 6 Giveaway,Hi Haley Lynn : xxhaley95lynnxx Do u want to get FREE iPhone 6? Please check my bi0 :) Thx https://t.co/6Y8fGRVJME,positive
647432691240017920,iPhone 6 Giveaway,Hi Taylor Rae : taylorrae_12 Do u want to get FREE iPhone 6? Please check my bi0 :) Thx https://t.co/kGEp4u5QTu,positive
647432692238258176,iPhone 6 Giveaway,Hi Anya Grom : annpeabody Do u want to get FREE iPhone 6? Please check my bi0 :) Thx https://t.co/GiAjLsmtxu,positive
647432693328838656,iPhone 6 Giveaway,Hi baby rat  : malumzbich Do u want to get FREE iPhone 6? Please check my bi0 :) Thx https://t.co/Ffd9I4ZOka,positive
647432694574354433,iPhone 6 Giveaway,Hi Papa  Jean  : 1Man_Stampede Do u want to get FREE iPhone 6? Please check my bi0 :) Thx https://t.co/ZvEuuotVZW,positive
647432695828586496,iPhone 6 Giveaway,Hi BOOBOO : foxesboo Do u want to get FREE iPhone 6? Please check my bi0 :) Thx https://t.co/Ebwx7WH1XW,positive
647432756775923712,Zhenya Hutson,#iPhone6s and #iphone6splus available at MOA Verizon Destination store :) #mpls #mn #Minneapolis And you get to hang out with me :),positive
647432774933200896,iPhone 6 Giveaway :),Hi HoesLoveDreads : DreadHeadKi Do you want to get FREE iPhone 6? Hurry check my bi0. Thx :) https://t.co/OPHQuSa2lF,positive
647432776690614272,iPhone 6 Giveaway :),Hi . . . : babygi__ Do you want to get FREE iPhone 6? Hurry check my bi0. Thx :) https://t.co/lscoqCOJJn,positive
647432777898545153,iPhone 6 Giveaway :),Hi Motherfuxker Jones : TomJones3397 Do you want to get FREE iPhone 6? Hurry check my bi0. Thx :) https://t.co/YY4sjMngnI,positive
647432778930388992,iPhone 6 Giveaway :),Hi oweeeee : champallison Do you want to get FREE iPhone 6? Hurry check my bi0. Thx :) https://t.co/J4JMffgbRr,positive
647432780046053376,iPhone 6 Giveaway :),Hi MNDNNE  : amandaanneeee Do you want to get FREE iPhone 6? Hurry check my bi0. Thx :) https://t.co/ydSRK9KBic,positive
647432781069479936,iPhone 6 Giveaway :),Hi Alex : perrieftlovato_ Do you want to get FREE iPhone 6? Hurry check my bi0. Thx :) https://t.co/TEZhsMDDbK,positive
647432782273187840,iPhone 6 Giveaway :),Hi Ming XO  : _mingXO_ Do you want to get FREE iPhone 6? Hurry check my bi0. Thx :) https://t.co/HbIdphvc2g,positive
647432783565033472,iPhone 6 Giveaway :),Hi Meigo : S_Meighan25 Do you want to get FREE iPhone 6? Hurry check my bi0. Thx :) https://t.co/q6bOtXXxL0,positive
647432784823382017,iPhone 6 Giveaway :),Hi ALICE : alicemarchukk Do you want to get FREE iPhone 6? Hurry check my bi0. Thx :) https://t.co/QQKJYuGXva,positive
647432786039734273,iPhone 6 Giveaway :),Hi . : EsotericDoll_ Do you want to get FREE iPhone 6? Hurry check my bi0. Thx :) https://t.co/yMgNqoAgR2,positive
647432787297988608,iPhone 6 Giveaway :),Hi 2% : CallumMc_33 Do you want to get FREE iPhone 6? Hurry check my bi0. Thx :) https://t.co/wvQPspyQOI,positive
647432788656943104,iPhone 6 Giveaway :),Hi Sam  : samanthaaa_NH Do you want to get FREE iPhone 6? Hurry check my bi0. Thx :) https://t.co/HyvZ4nAthw,positive
647432790934441984,iPhone 6 Giveaway :),Hi montana : blondetana Do you want to get FREE iPhone 6? Hurry check my bi0. Thx :) https://t.co/q2kFuA7pXg,positive
647432792582823937,iPhone 6 Giveaway :),Hi brooke : Brooke_Hunter1 Do you want to get FREE iPhone 6? Hurry check my bi0. Thx :) https://t.co/NCiJMTfVYG,positive
647432793945849857,iPhone 6 Giveaway :),Hi P Titty : pureherouine Do you want to get FREE iPhone 6? Hurry check my bi0. Thx :) https://t.co/I0kG4sfJBD,positive
647432795204263940,iPhone 6 Giveaway :),Hi Prod By Sandmane : SandmaneAVA Do you want to get FREE iPhone 6? Hurry check my bi0. Thx :) https://t.co/VbrWR0CmHO,positive
647432892474347520,Liid,"And for you iPhone users :) Love #Salesforce but not the #Salesforce1 #mobile app? Worry not. Try #LIID, it's free: https://t.co/pnIYDhmyC4",positive
647432947096776704,Ida Sjöbeck,hello new phone :) #apple #iphone #iphone6splus #geek https://t.co/iryvVmrPHG,positive
647433657351671808,Christina Andreatta,"Check out the drop test for the new iPhone 6S and 6S+!  I especially like the plug for iCracked at the end!  :)

https://t.co/SdKXsPZWOd",positive
647433720409006080,Scott Hayes,OK #3DTouch is pretty cool and really useful #iPhone6s Wonder if there is an App to order beer with it :),positive
647433832006832128,Michael Buescher,"That's what UPS calls ""Express"", but finally it arrived. Unboxing time for the new iPhone 6S Plus! :) http://t.co/HwZMe3NEqq",positive
647433932636483584,Andrew Sprague,iPhone 5S @MKBHD edition? :) http://t.co/T8yrM6NRPQ,positive
647434256885620736,Nitai Bessette,It is a rare and glorious day when @Harpax is jealous of MY iPhone :) https://t.co/7tnk8Ph90x,positive
647434330365517824,Shijo,iPhone6s pleasee :) [A Year-long money saving process],positive
647434582250254336,   ,iPhone and Any Android phones please :( :),positive
647435056433135616,katherine,@TiffanyAlvord Hey Tiffany today is iPhone day :) you getting the pink one  lets twin,positive
647435058148700160,Win NEW iPhone 6!,Hi Paul Temperton : Tempo_paul1981 Wanna get FREE iPhone 6? Kindly check my bi0 :) Thx https://t.co/dXt9UeMCtf,positive
647435060275187712,Win NEW iPhone 6!,Hi Cassandra : OohHelloSassy Wanna get FREE iPhone 6? Kindly check my bi0 :) Thx https://t.co/8GgAHqG7Wh,positive
647435062217187328,Win NEW iPhone 6!,Hi no chill soph / 12 : kneesocksgrier Wanna get FREE iPhone 6? Kindly check my bi0 :) Thx https://t.co/IOCDmy5tK4,positive
647435063269965824,Win NEW iPhone 6!,Hi leah : layuhandsonme Wanna get FREE iPhone 6? Kindly check my bi0 :) Thx https://t.co/yBbs4rHZzC,positive
647435064406581248,Win NEW iPhone 6!,Hi shasha : SashaSongz_ Wanna get FREE iPhone 6? Kindly check my bi0 :) Thx https://t.co/YlUHftKqnR,positive
647435065681686528,Win NEW iPhone 6!,Hi Jaycee : jayceewoodbury Wanna get FREE iPhone 6? Kindly check my bi0 :) Thx https://t.co/OH8ZuHEOVJ,positive
647435066755403776,Win NEW iPhone 6!,Hi  Markus Robinson  : MonsieurGQ Wanna get FREE iPhone 6? Kindly check my bi0 :) Thx https://t.co/TtXSPijui8,positive
647435067829129216,Win NEW iPhone 6!,Hi BH : blackboul215 Wanna get FREE iPhone 6? Kindly check my bi0 :) Thx https://t.co/2Eg5zKp79Q,positive
647435068810653696,Win NEW iPhone 6!,Hi Alone(r) : K3ndr1ck_ Wanna get FREE iPhone 6? Kindly check my bi0 :) Thx https://t.co/B4k82HG44b,positive
647435070299578369,Win NEW iPhone 6!,Hi Jeanss : Jeanetttegarcia Wanna get FREE iPhone 6? Kindly check my bi0 :) Thx https://t.co/hBzE44uGDQ,positive
647435071897628672,Win NEW iPhone 6!,Hi Fauve : xserenity17 Wanna get FREE iPhone 6? Kindly check my bi0 :) Thx https://t.co/KiJ1Xx07vG,positive
647435072979750912,Win NEW iPhone 6!,Hi Hannah Wilson : Hannaahwilson Wanna get FREE iPhone 6? Kindly check my bi0 :) Thx https://t.co/DJaYRs6NoZ,positive
647435168169492480,EE,"@Neill_Ferguson No problem Neill, hope you nejoy your new iPhone :) - KD",positive
647435474567589888,Infernohmb,Getting an iPhone for my birthday :),positive
647435494674993152,Andres Ayala,@jennaezarik waiting to leave school so I can stop by a tmobile to pick up my new iPhone 6s Plus. :),positive
647435506935037953,LensCrafters,"A 12mp camera on your new phone. Nice! 
What about 576mp instead? Youve got it in your eyes! :) #iPhone6S http://t.co/Dp2aGyIluJ",positive
647435954064596992,iPhone 6 Giveaway,Hi Bubumagoo  : Bubumagoo Do u want to get FREE iPhone 6? Please check my bi0 :) Thx https://t.co/O7gELXJh7Y,positive
647435955213832192,iPhone 6 Giveaway,Hi Carlos Rojas : cmra159 Do u want to get FREE iPhone 6? Please check my bi0 :) Thx https://t.co/APM9EIZJfe,positive
647435956283404288,iPhone 6 Giveaway,Hi K-San : KSanderss7 Do u want to get FREE iPhone 6? Please check my bi0 :) Thx https://t.co/DB65DXY0et,positive
647435957348790272,iPhone 6 Giveaway,Hi ©mon naaa : saysbrook_ Do u want to get FREE iPhone 6? Please check my bi0 :) Thx https://t.co/8ICx9dwo50,positive
647435958321868802,iPhone 6 Giveaway,Hi George Lazaris : parkingguy62 Do u want to get FREE iPhone 6? Please check my bi0 :) Thx https://t.co/AjihbgAQkE,positive
647435959311708160,iPhone 6 Giveaway,Hi Thomas Balades : Tbalades Do u want to get FREE iPhone 6? Please check my bi0 :) Thx https://t.co/rVOlX6pBMQ,positive
647435960272166913,iPhone 6 Giveaway,Hi Plain Jane Here : miss_jane625 Do u want to get FREE iPhone 6? Please check my bi0 :) Thx https://t.co/xLBbxwLexr,positive
647435961287200768,iPhone 6 Giveaway,Hi name: : _0zzman Do u want to get FREE iPhone 6? Please check my bi0 :) Thx https://t.co/HIxezi2Q06,positive
647435962499379200,iPhone 6 Giveaway,Hi  : bama_fangirl Do u want to get FREE iPhone 6? Please check my bi0 :) Thx https://t.co/yDRoMgpdXy,positive
647436171698528257,Kuroishi11,@pdparticle Amanda's first new iPhone in several years will be here today though. :),positive
647436175125426176,Hamany AlAli,"@ijustine Justine, what do you think about the iPhone 6S? :)",positive
647436736721756161,Stuart Little,"@EIJ2016 whoops, iPhone failure :) http://t.co/IvJyscZwJ7",positive
647436802777853952,Sam Clark,@simonpfc I did buddy long wait and had to grab a silver one as all gold sold out :) when did you wanna collect iPad and iPhone ?,positive
647436816879099905,iPhone 6 Giveaway :),Hi Katie Burrett Photo : bagschwon Do you want to get FREE iPhone 6? Hurry check my bi0. Thx :) https://t.co/mEf8f1aZRC,positive
647436818540023808,iPhone 6 Giveaway :),Hi MaKayla  : MaKaylaMarshawn Do you want to get FREE iPhone 6? Hurry check my bi0. Thx :) https://t.co/9dvSgFEFuI,positive
647436820221964288,iPhone 6 Giveaway :),Hi naj : najaerollins Do you want to get FREE iPhone 6? Hurry check my bi0. Thx :) https://t.co/7iWk23bJqL,positive
647436822054871041,iPhone 6 Giveaway :),Hi Noah Brace : noahbrace Do you want to get FREE iPhone 6? Hurry check my bi0. Thx :) https://t.co/zvEEVT7ezl,positive
647436823740985344,iPhone 6 Giveaway :),Hi Ozz : WizrdOfOsborne Do you want to get FREE iPhone 6? Hurry check my bi0. Thx :) https://t.co/SJZ95mRpCi,positive
647436825213206528,iPhone 6 Giveaway :),Hi Kates : KatieChilversx Do you want to get FREE iPhone 6? Hurry check my bi0. Thx :) https://t.co/CsI3gGw0HI,positive
647436826853117952,iPhone 6 Giveaway :),Hi T4 : teddyxx23 Do you want to get FREE iPhone 6? Hurry check my bi0. Thx :) https://t.co/ToqvWhHJoy,positive
647436828082065408,iPhone 6 Giveaway :),Hi brownskinBOO : GabbyDaTrifecta Do you want to get FREE iPhone 6? Hurry check my bi0. Thx :) https://t.co/wL6lwihNlM,positive
647436829189369856,iPhone 6 Giveaway :),Hi Sam : Samantha_xo18 Do you want to get FREE iPhone 6? Hurry check my bi0. Thx :) https://t.co/QSONowJxs2,positive
647436830409928704,iPhone 6 Giveaway :),Hi P Titty : pureherouine Do you want to get FREE iPhone 6? Hurry check my bi0. Thx :) https://t.co/tJQqscx9Xb,positive
647436831815008257,iPhone 6 Giveaway :),Hi your Lover : SlowDownLauren Do you want to get FREE iPhone 6? Hurry check my bi0. Thx :) https://t.co/2CPvKYUkSm,positive
647436833144631296,iPhone 6 Giveaway :),Hi Tee : _juicytee Do you want to get FREE iPhone 6? Hurry check my bi0. Thx :) https://t.co/pnBWAtZQl4,positive
647436834620997632,iPhone 6 Giveaway :),Hi P Titty : pureherouine Do you want to get FREE iPhone 6? Hurry check my bi0. Thx :) https://t.co/9Ab9vEmBvy,positive
647436836118376448,iPhone 6 Giveaway :),Hi ThirdEyeQuis : obeyquis Do you want to get FREE iPhone 6? Hurry check my bi0. Thx :) https://t.co/9cZOHGmclW,positive
647436837414420480,iPhone 6 Giveaway :),Hi Leish : m0ngooseatheart Do you want to get FREE iPhone 6? Hurry check my bi0. Thx :) https://t.co/HIzRSneBcV,positive
647436838752403456,iPhone 6 Giveaway :),Hi Kevin Martel : Ksmarts Do you want to get FREE iPhone 6? Hurry check my bi0. Thx :) https://t.co/rM2oT0zG5O,positive
647436840321085440,iPhone 6 Giveaway :),Hi Monét : aMONETvision Do you want to get FREE iPhone 6? Hurry check my bi0. Thx :) https://t.co/IUYwAQ9pb2,positive
647436841440935936,iPhone 6 Giveaway :),Hi Shay Matthias : DeFy_x_FeaR Do you want to get FREE iPhone 6? Hurry check my bi0. Thx :) https://t.co/GI5zJGsl96,positive
647436925163470849,Sayeh Mahin,@EvenhandRepairs ((Oh! I have that app for SomaFM. Found @gridstream - YESSS. Works fine on iPhone. Thanks!! :) )),positive
647437087348645888,Jonathan Balido,I want you #iPhone6s :),positive
647437251820023808,GAME Glasgow UnionSt,"Did you know we are giving the best price on the hight st for your unwanted Iphone 6S? Well, now you do :) t&amp;c's apply, ask instore",positive
647437665839783936,M11173,New iPhone s6 plus ordered and on its way! :),positive
647438004370411520,Kory Fanelli,Back on team iPhone :),positive
647438037975216128,Christian Domaleski,First tweet from my new iPhone 6s :),positive
647438077972103168,°·*,impulsed-dream said: Doutzen Kroes wallpapers for iPhone 5/5S please? :) http://t.co/ZQqqP4sEFL,positive
647438090575941636,Claire Buffie,"Oh hello, pumpkin :) #iphone6s https://t.co/qFhKCtl0zu",positive
647438096326332416,Jean-Marie Caillaud,Can't wait to get mine :) #iPhone6s  https://t.co/dkKldpwUFm,positive
647438308444884993,Alistavista,"iPhone 6S/6S+ Carrier Unlocking service will be added in 12 hours from now.

Many Countries carriers will be supporting 6S/6S+ 

Gsm Mega :)",positive
647438522442481664,Win NEW iPhone 6!,Hi Farrah Brenan : BadQuintana Wanna get FREE iPhone 6? Kindly check my bi0 :) Thx https://t.co/vbXh2hW5L6,positive
647438523776299008,Win NEW iPhone 6!,Hi Anand Devlia : SlumDogSwag Wanna get FREE iPhone 6? Kindly check my bi0 :) Thx https://t.co/5eSlzmCwXv,positive
647438524967452672,Win NEW iPhone 6!,Hi your favorite ex  : _alyyshae Wanna get FREE iPhone 6? Kindly check my bi0 :) Thx https://t.co/DwOC0O2UII,positive
647438525995028480,Win NEW iPhone 6!,Hi Raul   : Cosmic_raul Wanna get FREE iPhone 6? Kindly check my bi0 :) Thx https://t.co/83IRSoLaxd,positive
647438527081398272,Win NEW iPhone 6!,Hi Crown : KingChrispy233 Wanna get FREE iPhone 6? Kindly check my bi0 :) Thx https://t.co/9J3lInt3rn,positive
647438528163500032,Win NEW iPhone 6!,Hi YoungNip¢note : HustleTreesG Wanna get FREE iPhone 6? Kindly check my bi0 :) Thx https://t.co/Uf1YFaHiEd,positive
647438529451159552,Win NEW iPhone 6!,Hi rapunzel : annitude_ Wanna get FREE iPhone 6? Kindly check my bi0 :) Thx https://t.co/SiZmaRVTd3,positive
647438530457767936,Win NEW iPhone 6!,Hi Kevin Martel : Ksmarts Wanna get FREE iPhone 6? Kindly check my bi0 :) Thx https://t.co/KDtaCZmUrd,positive
647438531590270976,Win NEW iPhone 6!,Hi Ashley : 6040472ashley Wanna get FREE iPhone 6? Kindly check my bi0 :) Thx https://t.co/rwFkMFiCZd,positive
647438532668203008,Win NEW iPhone 6!,Hi lex : _shortSilmon Wanna get FREE iPhone 6? Kindly check my bi0 :) Thx https://t.co/vrcFWh3KZC,positive
647438533792276480,Win NEW iPhone 6!,Hi Big Man : thomascox24 Wanna get FREE iPhone 6? Kindly check my bi0 :) Thx https://t.co/MIfynTT86S,positive
647438535147057152,Win NEW iPhone 6!,Hi Corey  : CorWill335 Wanna get FREE iPhone 6? Kindly check my bi0 :) Thx https://t.co/8wZKaBkEjg,positive
647438536195575808,Win NEW iPhone 6!,Hi #TopShootas : Ddevonn23 Wanna get FREE iPhone 6? Kindly check my bi0 :) Thx https://t.co/tzbE8PK30f,positive
647438537223180288,Win NEW iPhone 6!,Hi Bri : _brinababe Wanna get FREE iPhone 6? Kindly check my bi0 :) Thx https://t.co/rrPqhGUZVP,positive
647438538498277376,Win NEW iPhone 6!,Hi fabs : fabiagledhill Wanna get FREE iPhone 6? Kindly check my bi0 :) Thx https://t.co/35ZTKbfSq1,positive
647438539811065857,Win NEW iPhone 6!,Hi MarkCleope : MCisLegit Wanna get FREE iPhone 6? Kindly check my bi0 :) Thx https://t.co/gbMvJvaNkd,positive
647438540968693760,Win NEW iPhone 6!,Hi Monica : MonicaTheShort1 Wanna get FREE iPhone 6? Kindly check my bi0 :) Thx https://t.co/LmZKLYoLSm,positive
647438541979557888,Win NEW iPhone 6!,Hi Dan Webb : danwrong Wanna get FREE iPhone 6? Kindly check my bi0 :) Thx https://t.co/s20PY8Ubdr,positive
647438543254634496,Win NEW iPhone 6!,Hi Raphael Salen  : RPBeta Wanna get FREE iPhone 6? Kindly check my bi0 :) Thx https://t.co/YbTjHaMYtq,positive
647438544257064960,Win NEW iPhone 6!,Hi Davis : Davis_Hope Wanna get FREE iPhone 6? Kindly check my bi0 :) Thx https://t.co/5WBZWHJYdn,positive
647438855851761664,Chris Velez,Feels nice to have an iPhone again :),positive
647439254579089408,Barhoom Ali,Can anyone get me an iPhone6s Plus :) ?,positive
647439268319592448,honatwork,"@pomeranian99 The ""international"" news on September 25, 2015 are $AAPL, #iPhone6s and #iPhone6sPlus. :)",positive
647439659023364096,iPhone 6 Giveaway,Hi The End  : Nomnomqondiso Do u want to get FREE iPhone 6? Please check my bi0 :) Thx https://t.co/NHzO2kfio6,positive
647439660126441472,iPhone 6 Giveaway,Hi DyamondzR4Eva : jmsdway Do u want to get FREE iPhone 6? Please check my bi0 :) Thx https://t.co/a2dMvhae2q,positive
647439661443452929,iPhone 6 Giveaway,Hi solihin : muhdsolihin23 Do u want to get FREE iPhone 6? Please check my bi0 :) Thx https://t.co/cSuWV6cVx6,positive
647439662336876544,iPhone 6 Giveaway,Hi Andi N.  : inlovewithcamd_ Do u want to get FREE iPhone 6? Please check my bi0 :) Thx https://t.co/9APvbYTJ6o,positive
647439663343489024,iPhone 6 Giveaway,Hi nia : deluxechaelin Do u want to get FREE iPhone 6? Please check my bi0 :) Thx https://t.co/qJQB2IOWY4,positive
647439664308203520,iPhone 6 Giveaway,Hi JBM . : TuesdayBleu Do u want to get FREE iPhone 6? Please check my bi0 :) Thx https://t.co/onTRNk54jD,positive
647439665319026688,iPhone 6 Giveaway,Hi Adam Crandall : adamkcrandall Do u want to get FREE iPhone 6? Please check my bi0 :) Thx https://t.co/lwtg7grDRx,positive
